image_file_path,split,dominant_colour_name,album_name
211HPTEHBRL._SX300_.jpg,train,Claret,Succour
213vg26ltkL.jpg,train,Mariner,Electric Hush
21af82Yz+-L.jpg,train,Lotus,undefined
21CY8QB9R3L.jpg,train,Voodoo,Twisted
21o+4vs+wZL._SX300_.jpg,train,Alto,undefined
21V4ZKTM8ZL.jpg,train,Cape Cod,Tribal Gathering 96
21WKPTPDN2L.jpg,train,Raw Sienna,Paradise
21WRHE66E5L.jpg,train,Black,Living In Neon
21Z7CHK0XGL.jpg,train,Lapis Lazuli,Shine
312IqPNwjOL.jpg,train,Wattle,3
317H4OS9QQL.jpg,train,Copper,undefined
318FRM1XSML.jpg,train,Sandstone,Catch
319CSJ1ER5L.jpg,train,Corduroy,(Just) Me &amp; You
31d16ooyqdL._SX300_.jpg,train,Golden Fizz,Yoshiesque
31DG0N-t3wL.jpg,train,Ebb,Bow Down to the Exit Sign
31e8e9+ynzL._SY300_.jpg,train,Black,undefined
31HAJ2362HL.jpg,train,Bone,Psymeditation 2
31HSPYQAY0L.jpg,train,Eerie Black,The 21st Door
31iFztzFniL.jpg,train,Licorice,undefined
31lJUfcNn1L.jpg,train,Medium Carmine,undefined
31M27NG7BVL.jpg,train,Ship Cove,Dove-I'll Be Loving You
31No1+xdB5L.jpg,train,Rangoon Green,undefined
31SMS3C7VWL.jpg,train,Chelsea Cucumber,First Rebirth
31T9FRZTQWL.jpg,train,Golden Fizz,Tranceformer 2000
31TCHYZGT9L.jpg,train,Medium Carmine,Smash Hits Summer 2000
31TVKEAMHCL.jpg,train,Squirrel,Sheltered Life
31vD-7L-4aL._SY300_.jpg,train,Catskill White,Fall Right Now
31WYYJES61L.jpg,train,Gamboge,Modaji
31YD53H7D4L.jpg,train,Salem,Allnighter//Calypso Ep
31z3eGV9uwL._SL500_.jpg,train,Mystic,undefined
31Z51D569AL.jpg,train,Energy Yellow,Godskitchen: Journeys
31z51XgzT5L._SL500_.jpg,train,Cloud,Abuse Your Illusions
4100S5B5TJL.jpg,train,Harvest Gold,538 Dance Smash Hits Summer 2002
4101+Dya5RL._SY300_.jpg,train,Green Blue,undefined
410UknweQnL._SY300_.jpg,train,Tamarillo,Mission Horizon 2.0
410XK7DQT7L._SY300_.jpg,train,Cold Turkey,DJ Luck &amp; Mc Neat Present V.2
411CG9QE4QL._SX300_.jpg,train,Quill Gray,Metalheadz Presents Platinum Breakz
411F7s8zDuL._SX300_.jpg,train,Cocoa Brown,undefined
411HkRaqzhL._SX300_.jpg,train,Saffron Mango,Sunshine Reggae 2000
411Q3F686YL.jpg,train,Tall Poppy,Tera Roop
412u1vqSUBL._SX300_.jpg,train,Masala,undefined
414FAnL5GxL._SY300_.jpg,train,Celeste,undefined
414-fnxKuJL.jpg,train,Antique Brass,Journeys by DJ Volume 4: Silky Mix with John Digweed
414GK3BFW7L.jpg,train,Sonic Silver,Club Anthems 99
414j2DoSFML._SY300_.jpg,train,Black,Player
415FZYEPKQL.jpg,train,Tall Poppy,Coded Language
4162BDB40KL.jpg,train,Leather,These Words Pt.1
416PV8SA56L.jpg,train,Squirrel,Circuit 2K - Volume 3 (HellBall 5 Edition)
417G3H67GRL.jpg,train,Cocoa Brown,Drum &amp; Bass Armageddon
417S09D4X8L.jpg,train,French Gray,Furious Angels
4186hKOYwkL._SX300_.jpg,train,Mule Fawn,World As I See It
418BWJXN5VL.jpg,train,Martinique,Dr. Ken &amp; Mr. Laszlo
418KDBAQT7L.jpg,train,Eden,Spirits Inside of Me
4192NXTR1RL.jpg,train,Mischka,Warp 10
419TNNDNXJL.jpg,train,Copper,Engelsschrei
41aMMokUJ7L._SY300_.jpg,train,Rum Swizzle,Domestic Science
41BCYWZ5QJL.jpg,train,Submarine,Antidote
41C9V7BK0PL.jpg,train,Gold Fusion,538 Dance Smash Hits Spring 2000
41CFCRNHTRL._SY300_.jpg,train,Kashmir Blue,Spaced
41Cp8iEKBRL._SX300_.jpg,train,Licorice,undefined
41CYGCNZ5NL.jpg,train,Crater Brown,Stoke
41dmlt0E05L._SX300_.jpg,train,Brilliant Rose,Super Discount V.2
41DTHEVPQFL.jpg,train,Ebony Clay,Family Of Light
41duxCOM8LL._SY300_.jpg,train,Leather Jacket,Miami
41e1O+pDkFL._SX300_.jpg,train,Danube,undefined
41E79E4EXRL.jpg,train,Silver,Cream Ibiza Departures
41eeRie78dL._SL500_SX300_.jpg,train,Cod Gray,Electro Tech
41EGKEJ290L.jpg,train,Silver Rust,Big Shiny Tunes 6
41fmb5lpI+L._SX300_.jpg,train,Baltic Sea,undefined
41fRn7dhrgL._SY300_.jpg,train,Mako,undefined
41GTPXAYMCL.jpg,train,Blackcurrant,Miami Deep
41H30H9V6HL.jpg,train,Tumbleweed,Sambanova
41H39bCl7NL._SX300_.jpg,train,Thunder,undefined
41HArPqe42L.jpg,train,Plantation,Little Green Lights And Four Inch Faders
41HNUmbOrML._SL500_.jpg,train,Wafer,Lost Language:Exhibition (Double CD)
41JG9WRDJ9L.jpg,train,Teak,Monosex
41JRBNV81VL.jpg,train,Scorpion,Gatecrasher: Digital Trance
41K5ycRFV5L._SX300_.jpg,train,Plum,Freezone: Seven Is Seven Is
41k7mfxrrNL._SY300_.jpg,train,Bdazzled Blue,undefined
41KC82143KL.jpg,train,Tuatara,Some Best Friend You Turned Out to Be
41lB8uhO3vL._SY300_.jpg,train,Mojo,Cuore Matto
41M10BSXM6L.jpg,train,Hippie Blue,Something Goin on
41NnL6xtCfL._SX300_.jpg,train,Oslo Gray,Extended Play
41NSX3EMSJL.jpg,train,Lapis Lazuli,Slip Into Something
41oBPU5siVL._SX300_.jpg,train,Gondola,undefined
41ojl8iNwkL._SY300_.jpg,train,Thunder,undefined
41PCAK8KM8L.jpg,train,Timberwolf,Story of Espion
41QJPBVQQ1L.jpg,train,Tussock,This World Is Yours
41R0XDYDZEL.jpg,train,Mischka,Nut Roast
41R3R4MDKBL.jpg,train,Viridian,Dream Club V.7
41RLy1eYx+L._SX300_.jpg,train,Cloudy,undefined
41RWXBV9WCL.jpg,train,Athens Gray,Maxima FM: the Compilation
41S5MWWBFCL.jpg,train,Dorado,Take Me Home
41S9ZH2B4PL.jpg,train,Gray Nurse,Space Age 1.0
41U7WhgEebL._SY300_.jpg,train,Iron,undefined
41V6BNQ16FL.jpg,train,River Bed,Trance America
41VPFyxqZgL._SY300_.jpg,train,Casablanca,Africanism
41W1QJ0VFVL.jpg,train,Muddy Waters,Classics
41WE8B1PPRL.jpg,train,Mantle,Essential Grooves
41WEGF5T4YL._SY300_.jpg,train,Porsche,Jedi Selector
41wGEE6XdJL._SX300_.jpg,train,Desert Storm,Positive Ways 3
41XT55VJHGL._SX300_.jpg,train,Albescent White,Cafe Lounge: Rose Hip Tea
41y+1Rv+R5L._SX300_.jpg,train,Bastille,undefined
41y7oQmLQ2L._SY300_.jpg,train,Mystic,Cosmic Forces of Mu
41y9OcQScML._SX300_.jpg,train,Night Rider,undefined
41yeX-4EAGL._SX300_.jpg,train,Downy,Mutek 2004
41zk-ebP2qL._SY300_.jpg,train,Cornflower Blue,Your Lounge Your Music V.3
41zRYzilO5L._SX300_.jpg,train,Shingle Fawn,undefined
510qYD8f4RL._SX300_.jpg,train,Waterloo ,undefined
510v7NpMO+L._SY300_.jpg,train,Well Read,undefined
511rKDim2IL._SY300_.jpg,train,Outer Space,undefined
511TJiUodBL._SY300_.jpg,train,Almond,Kiss FM (Garage City)
511V2pbudoL._SY300_.jpg,train,Mischka,undefined
512343AZ9QL._SX300_.jpg,train,Silver,Winter Party Volume 3
5129FaU4GnL._SX300_.jpg,train,Outer Space,Now Or Never
512D2ZKVQ0L._SY300_.jpg,train,Tan,The Best Club Anthems Classics
514qyf5iwTL._SX300_.jpg,train,Brown Tumbleweed,Distance To Goa 8
5159NSHRNPL._SY300_.jpg,train,Shadow,Magic Thread
515H55JS6YL._SY300_.jpg,train,Elm,Swirl EP
515YA8521NL.jpg,train,Mirage,Analogue Theatre
516KU1vgufL._SX300_.jpg,train,Russett,undefined
517MhidZapL._SY300_.jpg,train,Dingy Dungeon,undefined
51811HFZEYL._SY300_.jpg,train,Leather Jacket,Bargrooves Black
519f1hue87L._SX300_.jpg,train,Onyx,Defected In The House - International Edition Volume II
519sXBRNiHL._SX300_.jpg,train,Lola,undefined
519ZprlZtRL._SY300_.jpg,train,Puce,undefined
51A7HAR4KNL._SY300_.jpg,train,Spring Leaves,Ultimate Trance Album V.3
51AC87I1tyL._SX300_.jpg,train,Ship Cove,Perennial Pleasures
51ACLIhh+VL._SX300_.jpg,train,French Gray,undefined
51AhVDhuUmL._SY300_.jpg,train,Tradewind,undefined
51AL1SJHdLL._SY300_.jpg,train,Rope,Amen
51ANeOdAA8L._SY300_.jpg,train,Cinder,undefined
51bkY9TYR-L._SY300_.jpg,train,Woodsmoke,undefined
51BTRzJgCzL._SX300_.jpg,train,Granny Smith,"DJ Networx, Vol. 16"
51c7B-sOw1L._SX300_.jpg,train,Mirage,undefined
51CS7L-3UML._SX300_.jpg,train,Matterhorn,undefined
51D1tNiFAdL._SY300_.jpg,train,Denim,undefined
51ddqGdhcvL._SY300_.jpg,train,Tall Poppy,Machineries of Joy
51DmVQ61YbL._SY300_.jpg,train,Astronaut,Deep Trance vol. 1
51Dwi4Xpb1L._SX300_.jpg,train,Red Robin,Only Human Remains
51DZpqIPi6L._SX300_.jpg,train,Silver Sand,Iguana
51e85W5gWYL._SY300_.jpg,train,Night Rider,undefined
51eqe2oQmbL._SY300_.jpg,train,Ronchi,Some Experiments
51FGYN054VL.jpg,train,Go Ben,Phototropic
51Fpkyck+WL._SX300_.jpg,train,Axolotl,undefined
51FwNbMUbhL._SY300_.jpg,train,Ripe Lemon,Planet Colors
51G0nKMyw9L._SY300_.jpg,train,Flame Pea,Shake Hands with the Future
51GaLkimEUL._SY300_.jpg,train,Bittersweet Shimmer,Top Secret
51gcql0btKL._SY300_.jpg,train,Falcon,undefined
51gDcxi++NL._SY300_.jpg,train,Limed Spruce,undefined
51H22IDw-dL._SY300_.jpg,train,Azalea,Bossa N' Go V.2: Le Deuxieme Cocktail
51h2SlfJM3L._SX300_.jpg,train,Mongoose,undefined
51hED15pAtL._SX300_.jpg,train,Dallas,Space Invaders Are Smoking Grass
51HEZBRX7KL._SX300_.jpg,train,Kabul,When She Smiles She Lights
51HFNQS5ZZL._SY300_.jpg,train,Wattle,Trance: the Ultimate Collection 2004 V.3
51HRCZRCSZL.jpg,train,Chenin,History of House
51HvgwxIDIL._SX300_.jpg,train,Firefly,History of Things to Come
51hvy7cq+vL._SX300_.jpg,train,Sirocco,undefined
51hzvLH0+NL._SY300_.jpg,train,Metallic Sunburst,undefined
51IcBdcPO6L._SY300_.jpg,train,Bleached Cedar,"Thunderdome, No. 15: The Howling Nightmare"
51j2sOFhBfL._SX300_.jpg,train,Pesto,undefined
51J53S7YD1L._SX300_.jpg,train,Starship,Best Of Hardcore 4
51J8DDOJFcL._SY300_.jpg,train,Di Serria,Last True Family Man
51jbyPdiWyL._SX300_.jpg,train,Voodoo,undefined
51JK8wKXWbL._SY300_.jpg,train,Jaffa,Dreams A Dream
51jKMxscomL._SY300_.jpg,train,Tobacco Brown,Bora Bora Ibiza
51jspIeCh2L._SX300_.jpg,train,Woody Brown,Krafty Kuts Presents Slam the Breaks on
51k9LNF1b8L._SX300_.jpg,train,Loblolly,undefined
51KrUOSlgxL._SX300_.jpg,train,Sandrift,undefined
51kYHXcG9hL._SX300_.jpg,train,Westar,Las Tardes En Ibiza 2005
51l4aUxReML._SY300_.jpg,train,Silver,undefined
51LEwdemdwL._SY300_.jpg,train,Cerulean,Make a Move on Me
51lgfqjCnZL._SY300_.jpg,train,Powder Ash,Global Grooves:One
51LItE7KwML._SY300_.jpg,train,Japonica,Real Sadness &amp; Gregorian Mysteries
51Ljr-ORxCL._SX300_.jpg,train,Tuna,sounds of a new generator
51loe08mFRL._SY300_.jpg,train,Loafer,undefined
51LoI-pCJtL._SX300_.jpg,train,Red Damask,Metamorphose
51Lqiu3ba9L._SX300_.jpg,train,Dallas,Mdz 04
51mehvD4IxL._SY300_.jpg,train,Ash,undefined
51MWO9hZqoL._SY300_.jpg,train,Lavender Gray,"10,000 Years Beneath the Street"
51mX4q-iitL._SY300_.jpg,train,Tundora,Love Or Lust
51MZ7dgVqrL._SX300_.jpg,train,Athens Gray,undefined
51NJ9MTA10L.jpg,train,Apache,From Within
51P3Q1H0JEL._SX300_.jpg,train,Ecstasy,Ibiza Euphoria
51pH24PEa6L._SY300_.jpg,train,Woody Brown,undefined
51PHZ4K9WJL._SY300_.jpg,train,Cararra,Crash Landing
51PKClOYIsL._SY300_.jpg,train,Cape Palliser,Bon Voyage
51q3LtXcEDL._SY300_.jpg,train,Tuscany,undefined
51Q72cERSxL._SY300_.jpg,train,Tom Thumb,undefined
51qCpYo3XSL._SY300_.jpg,train,Sandstone,undefined
51QY6W8DDXL._SY300_.jpg,train,Bistre,Very Best of Frantic Euphoria
51r3dOYDKpL._SY300_.jpg,train,Shark,Audio Damage
51R7SueRIRL._SY300_.jpg,train,Periglacial Blue,Selected Works 94-96
51rocRzxC-L._SY300_.jpg,train,Asphalt,undefined
51RPLqFNHYL._SX300_.jpg,train,Tia Maria,Cubes
51SniumdyuL._SY300_.jpg,train,Licorice,undefined
51SOEguwkXL._SX300_.jpg,train,Chambray,Trancemaster 4007
51SRG90B92L._SX300_.jpg,train,Jewel,undefined
51TgAc68BCL._SY300_.jpg,train,Matterhorn,L'amour Est Mort
51TUWZTVVdL._SY300_.jpg,train,Catskill White,In Trance We Trust V.4
51TZS0gRgUL._SX300_.jpg,train,Fedora,Shaft
51Ue3MEN4rL._SY300_.jpg,train,Deep Forest Green,Alternative
51VGfGq3IYL._SY300_.jpg,train,Mist Gray,undefined
51VkH41lpmL._SX300_.jpg,train,Port Gore,Best of
51vmkD9YMiL._SX300_.jpg,train,Contessa,Narrowed Eyes
51VwAgExiBL._SY300_.jpg,train,Chestnut Rose,Selected Remixes 2000-2003
51wE+0VeRLL._SY300_.jpg,train,Periwinkle Gray,undefined
51X4qGqHkEL._SX300_.jpg,train,Metallic Sunburst,Cosmic Experience
51Xb6URXfYL._SY300_.jpg,train,Deep Cove,On the Ropes
51xnJzKXV5L._SY300_.jpg,train,Thunder,undefined
51yzgFELyrL._SY300_.jpg,train,Big Foot Feet,Present
51Z1RaegzWL._SY300_.jpg,train,Thunder,Beat of Life
51z5CDBuOUL._SY300_.jpg,train,Marzipan,Low Income Tomorrowland
51ZAkxZ3XAL._SY300_.jpg,train,Saffron,undefined
51zAMV0F-YL._SY300_.jpg,train,Deco,undefined
51Zc1frok9L._SX300_.jpg,train,Cararra,Weapons of Mass Creation
51ZruWjLy6L._SX300_.jpg,train,Gin,Solar Serenades
51zUfIdGAmL._SX300_.jpg,train,Eternity,Behind the Eye V.2
51zvqSapXRL._SY300_.jpg,train,Outer Space,undefined
51ZWc6gXUBL._SX300_.jpg,train,Chambray,undefined
613zn6Vo2oL._SX300_.jpg,train,Nutmeg,Sessions-Derrick Carter
61484qN-vtL._SX300_.jpg,train,Night Rider,Fakes
6151KB11H0L._SY300_.jpg,train,Roti,Bambuddha Grove: the Gathering
615nU0zyBBL._SX300_.jpg,train,San Marino,Finally [Single-CD]
6161FqmXN1L._SX300_.jpg,train,Cape Cod,Psychedelic Visions
617bVnFwzML._SY300_.jpg,train,Pumice,undefined
619FVVM2P8L._SY300_.jpg,train,Jaffa,Chilled Ibiza Gold
619phdDMreL._SX300_.jpg,train,Straw,Disco-Zone
61aBbB-k9hL._SX300_.jpg,train,Bunker,undefined
61AoKaDuZYL._SX300_.jpg,train,Blue Marguerite,Blanco Y Negro Hits 05
61B1oNre6QL._SY300_.jpg,train,San Juan,undefined
61dgo3Fk6zL._SX300_.jpg,train,Thunder,Heroes of the Imagination
61DH6BFDJKL._SY300_.jpg,train,Roti,Electrifying
61DPSICivtL._SL500_SY300_.jpg,train,Tuatara,Early Works For Me If It Works For You
61EWVXN019L._SY300_.jpg,train,Zeus,Land of the Monkey Snake
61FxQidmOfL._SY300_.jpg,train,Bone,undefined
61IhJgiYlbL._SY300_.jpg,train,Pewter,New beginnings
61JahwAj7EL._SY300_.jpg,train,Contessa,Deep Space
61khbh5J+XL._SY300_.jpg,train,Sorrell Brown,undefined
61KYGFBEN9L._SY300_.jpg,train,Pearl Bush,Drum N Bass in Movement
61lDW+RgnrL._SY300_.jpg,train,Coral Reef,undefined
61nZ92EafhL._SX300_.jpg,train,Racing Green,The Conservation of Electric Charge
61Q9CZGMHrL._SX300_.jpg,train,Mirage,One One Seven in the Shade
61RH3eF16LL._SY300_.jpg,train,Quick Silver,undefined
61RH9OaYTQL._SY300_.jpg,train,Wafer,undefined
61S76QLhhYL._SX300_.jpg,train,Horizon,Trancemaster 5004
61smqHI48pL._SX300_.jpg,train,Heather,Globetrotting
61T6SCBTRGL._SY300_.jpg,train,Cello,Eternity Now
61TuftAbhLL._SY300_.jpg,train,Rangitoto,Good Game
61VC89KX8QL._SY300_.jpg,train,Big Stone,Only This Moment
61X6k0QrKIL._SY300_.jpg,train,Tundora,undefined
61yt80QL8hL._SY300_.jpg,train,Bone,Wanted
61YW8EFRDHL._SY300_.jpg,train,Chocolate,I Don't Care
61Z5y3-6pRL._SY300_.jpg,train,Dune,undefined
61zUFPqqbBL._SY300_.jpg,train,Silver,undefined
71LaFYza5YL._SL500_SX300_.jpg,train,Kelp,Accidentally Classic
21yQYShp34L.jpg,test,Westar,undefined
313322Q12GL.jpg,test,Palm Leaf,Freak
314SCTT53VL.jpg,test,Winter Hazel,After Eight
316Q04B445L.jpg,test,Contessa,In-Sides
317QRZJXXAL.jpg,test,Kashmir Blue,Shapin Fluid
31DT54NKPFL.jpg,test,Shadow,Machina Electrica &amp; Forna
31FNQBTDHEL.jpg,test,Blue Haze,Garage Pressure
31H5KVV8XQL.jpg,test,Dune,Nature Never Did Betray the Heart That Loved Her
31RV9Q3TJ0L.jpg,test,Tiber,Shapes of Sound
31t3bHq4anL._SX300_.jpg,test,Gamboge,Advance
31XRZQ3S6RL.jpg,test,Port Gore,I Feel Love
410APAYX41L.jpg,test,Iron,Best of
411XS266VCL.jpg,test,Chestnut,Suite 706-Paris-Madeleine
41353V3H53L.jpg,test,Shark,666 International
413AMGTZJAL.jpg,test,Chenin,Living in Cyberspace
413X77WGKJL.jpg,test,Bon Jour,After Dinner Mint
414MJB1AN1L.jpg,test,Gray Nurse,House Music Movement (Todd Terry)
414YPH4GASL.jpg,test,Thunder,Enchant Me
415egJWTJIL._SY300_.jpg,test,Fiord,Kitchen
415+fGlbL9L._SY300_.jpg,test,Ecru White,undefined
415QHh0JYaL.jpg,test,Chestnut,undefined
418Da4BXe5L._SX300_.jpg,test,Westar,Sound of Garden
4195kOmWitL._SY300_.jpg,test,Mystic,undefined
4196TQ8CHPL.jpg,test,Satin Linen,Heaven Is Here
419H6G9712L.jpg,test,Golden Sand,Hold Up
419RVW0617L.jpg,test,Link Water,Indigo
41AC37RVFKL.jpg,test,Red Damask,Raveland
41B3W578D8L.jpg,test,Tamarind,Life Goes on (+ Bonus Tracks)
41cwjTRUmTL._SX300_.jpg,test,Cornflower,Snapshot
41d9vhOMTLL._SY300_.jpg,test,Gold Fusion,Thru the Haze
41DZZc2IrCL._SX300_.jpg,test,Silver,Believe in Me
41E3BMCGNHL.jpg,test,Key Lime Pearl,Dancemania Speed Best 2001
41F4ESX9Y8L.jpg,test,Melanie,All I Want
41fWkyvj5rL._SX300_.jpg,test,Firefly,Future Funk: Drum &amp; Bass Jazz Sessions
41-FYZpnKRL._SY300_.jpg,test,Mandy,Happy
41giRCOrEcL._SY300_.jpg,test,Baltic Sea,Opener
41GrvDoXP7L._SX300_.jpg,test,Iron,At the Controls
41gszQuZXwL._SY300_.jpg,test,Steel Gray,undefined
41jaiuCL-2L._SL500_SX300_.jpg,test,Cape Cod,Snapshots
41JN5Z6SMSL.jpg,test,Blue Zodiac,Espaces Baroques (+3 Bonus Tracks)
41lb5YAHmJL._SY300_.jpg,test,Studio,Port Rhombus Ep
41MDM7T9VAL.jpg,test,Cape Cod,Revolution 909
41ME971S7DL.jpg,test,Ferra,Chillout 04 The Ultimate Chillout
41NKDP1DVNL.jpg,test,My Pink,Spaced Invader
41Q1YJVKJVL.jpg,test,Tonys Pink,To the Batmobile Let's Go
41Q8JDFT3KL.jpg,test,Baltic Sea,Mind &amp; Body
41QBExpg0XL._SX300_.jpg,test,San Marino,Trancemaster 4000
41RcWv1JuWL._SX300_.jpg,test,Grain Brown,Right Back Where We Started From
41RNZXERC7L.jpg,test,Driftwood,Your Face
41SAR7T1JFL.jpg,test,Jewel,Very Best of Pure Dancehall
41sB6WzwPVL._SY300_.jpg,test,Azalea,Y4K
41SKFDH165L.jpg,test,Blue Haze,Pure Silk: A New Dimension
41T6348G1JL.jpg,test,Cocoa Brown,Charlie's Angels 2000 (Enhanced)
41TCAY38HXL.jpg,test,Tide,High Altitude Breaks Level One
41UBDDhWbyL._SY300_.jpg,test,Black,Metro Area
41V6ESIVHAL.jpg,test,Green White,Soundscapes &amp; Modern Tales
41VCY5HXGTL.jpg,test,Azure,Superventas 2003 (+ Bonus DVD)
41Vjg57erVL._SX300_.jpg,test,Pampas,undefined
41WKTBMJ5TL.jpg,test,Siam,Underground Alternatives
41WYvRDKiBL._SX300_.jpg,test,Timberwolf,Greatest Hits
41YXv88i38L._SY300_.jpg,test,Tana,How About Some Ether
41YYF9RB01L.jpg,test,Athens Gray,Stay
41zE-R0-3pL._SX300_.jpg,test,Licorice,undefined
41ZZTHZEm5L._SY300_.jpg,test,Clay Ash,Our Day
510CJV9RQ8L._SY300_.jpg,test,Punch,Strike One
510EGXERABL._SY300_.jpg,test,Livid Brown,Trance Masters
5111JCIIUyL._SX300_.jpg,test,Cararra,undefined
5115MzDEAGL._SX300_.jpg,test,Burning Sand,Dream Dance Vol. 29
511G2YMYY3L._SY300_.jpg,test,Lisbon Brown,Break Beats
512+8i8gJxL._SX300_.jpg,test,Graphite,undefined
"512f0KVdOmL._SY300__PJautoripBadge,BottomRight,4,-40_OU11__.jpg",test,Baltic Sea,undefined
512Qicr148L._SX300_.jpg,test,Siam,Fear &amp; Lothian
513PNH97PCL._SY300_.jpg,test,Sand Dune,Future History
514D21A4MVL._SY300_.jpg,test,Pearl Bush,"History of Dance, Vol. 5: The Happy Hardcore Edition"
515Ar5kaJdL._SX300_.jpg,test,Botticelli,undefined
5175VEfuVYL._SY300_.jpg,test,Graphite,undefined
517D9fFJs8L._SY300_.jpg,test,Straw,undefined
517jaADxoDL._SY300_.jpg,test,Blush,undefined
517JTgiG29L._SY300_.jpg,test,Armadillo,Original Chicago House
517M3EADVYL._SY300_.jpg,test,Cinnamon Satin,Turn It Around
517QJGKQAAL._SY300_.jpg,test,Oriental Pink,Smooth
517yrK+uDiL._SX300_.jpg,test,Livid Brown,undefined
518wDRspsGL._SX300_.jpg,test,Rodeo Dust,Circuit Breaker
519dAc4WlFL._SX300_.jpg,test,Tom Thumb,No.1 Trance Classics Album
519t-kRXPzL._SY300_.jpg,test,Hunter Green,Viva Club Rotation V.14
519WNM0JAdL._SX300_.jpg,test,Tango,Dare To Live - Perspectives on Welcome to Goodbye
51A1HRqQenL._SL500_SX300_.jpg,test,Schooner,undefined
51aAYomLa8L._SX300_.jpg,test,Celeste,E Samba
51b5Xeyc7OL._SY300_.jpg,test,Ebony Clay,Reckless
51BKYW47TYL._SY300_.jpg,test,Athens Gray,Trance Energy 2004
51CidQ2UrFL._SX300_.jpg,test,Cloud,Destination Rio
51CXgxeq3QL._SY300_.jpg,test,Oriental Pink,undefined
51C+yI0-5sL._SX300_.jpg,test,Eerie Black,undefined
51d6TOfLKUL._SY300_.jpg,test,Black Shadows,undefined
51DBMoZuWrL._SX300_.jpg,test,Cold Turkey,Straight Out of the Cat Litter: Scoop Two
51dLTVRl1cL._SY300_.jpg,test,Cocoa Brown,Poison Lips
51DVZS0KCcL._SX300_.jpg,test,Cocoa Brown,undefined
51dyllbYd0L._SX300_.jpg,test,Sorrell Brown,undefined
51ELEjge1bL._SY300_.jpg,test,Whiskey,undefined
51EM8NN0Z3L._SY300_.jpg,test,Cold Turkey,Vibrator
51exo8a8G0L._SX300_.jpg,test,Ash,Chilled/Disco
51EZ9HB62GL._SY300_.jpg,test,San Juan,Very Superior
51EzRhn8HJL._SX300_.jpg,test,Pumice,Musique Concrete
51ff3jQM+VL._SX300_.jpg,test,Coffee Bean,undefined
51FSiRcGkZL._SX300_.jpg,test,Blue Haze,undefined
51FwxleX6zL._SY300_.jpg,test,Gamboge,undefined
51GCRrxP6kL._SX300_.jpg,test,Outer Space,undefined
51GgfjfTYNL._SX300_.jpg,test,Aztec,undefined
51gtCkE3zhL._SY300_.jpg,test,Antique Brass,Cosmic Cowboy
51GWD6TFBML._SY300_.jpg,test,Sandal,Sessions: Mark Farina
51H8CGCBZSL._SY300_.jpg,test,Ebb,7 Years &amp; 50 Days
51hmJFYkGzL._SX300_.jpg,test,Porcelain,Back in the Days
51hXSU2wqRL._SY300_.jpg,test,Cornflower,undefined
51IHTWtucrL._SX300_.jpg,test,Firefly,undefined
51iL9engdKL._SX300_.jpg,test,Antique Brass,Lisboa@com.Fusion
51iPZ9+uNzL._SX300_.jpg,test,Tobacco Brown,undefined
51-IS9FrEgL._SY300_.jpg,test,Can Can,undefined
51iU60PAH7L._SY300_.jpg,test,Woody Brown,I Love Funky Disco
51jDMRE+bNL._SY300_.jpg,test,Anzac,undefined
51Jf+-fKaoL._SX300_.jpg,test,Ecru White,undefined
51KPJ15HSQL._SY300_.jpg,test,Blue Dianne,Amen
51lClK2PpXL._SY300_.jpg,test,Thunder,Miss Black America
51m1kDdRjsL._SY300_.jpg,test,Antique Brass,The Drive
51MxSsY1rGL.jpg,test,Rhino,Best Dance Album in the World Ever V.1
51NY2AZV18L._SY300_.jpg,test,Sorrell Brown,Skitzmix 18
51O6GrHC9-L._SY300_.jpg,test,Oriental Pink,undefined
51Ogz8CvjTL._SX300_.jpg,test,Ash,Where Sun And Moon Unite
51ONCa67tIL._SY300_.jpg,test,Silver Sand,Use Me
51oQqYBaejL._SX300_.jpg,test,Ecru White,We Love Music
51OsVCYOWGL._SX300_.jpg,test,Shark,Amalgamation of Soundz
51Oz5vrsw2L._SX300_.jpg,test,Battleship Gray,Brave Nu World
51pVNwrm6YL.jpg,test,Tussock,All Targets Down (+1 Bonus Track)
51qm2ixGVsL._SY300_.jpg,test,Rope,That Much Closer to the Sun
51rDHcGN3NL._SY300_.jpg,test,Matisse,Gourmet De Funk
51RZgxMEqrL._SY300_.jpg,test,Martinique,undefined
51S9T9W2JNL._SY300_.jpg,test,Fiord,Venice
51sCTA6lLIL._SX300_.jpg,test,Emperor,Hot 'N' Spycy : The Album
51SFrSSQ5XL._SL500_SY300_.jpg,test,Outer Space,The Hardrive EP
51SS83NEY4L._SY300_.jpg,test,Quill Gray,Soul in Your Spacesuit
51STGTGW8SL._SX300_.jpg,test,Abbey,Cream Resident
51sx+TXCxRL._SX300_.jpg,test,San Juan,undefined
51T-FwWEM8L._SX300_.jpg,test,Anzac,undefined
51TJMPZN6JL._SX300_.jpg,test,Saffron Mango,Music For Robots Volume 1
51u34Rj+bpL._SX300_.jpg,test,Coffee Bean,undefined
51uDFjxU1aL._SY300_.jpg,test,Emperor,A Different Ball Game
51uNbZxWERL._SY300_.jpg,test,Steel Gray,undefined
51-urUc9DCL._SX300_.jpg,test,Tamarind,Our World
51vQIDDc8YL._SL500_SX300_.jpg,test,Bunker,Manipulating Agent
51VScA+nS3L._SY300_.jpg,test,Bastille,undefined
51vTWJkDt9L._SY300_.jpg,test,Martinique,Back Again
51WFBWRHJZL._SY300_.jpg,test,Blue Dianne,Space and Time
51WRN5V9MQL.jpg,test,Oxford Blue,Chrome
51Wyb6lSqPL._SY300_.jpg,test,Clam Shell,undefined
51XNV9DXF7L._SY300_.jpg,test,Antique Brass,"Maximum Bass, Vol. 2"
51XQwJ9GCkL._SY300_.jpg,test,Thunder,Raoul Loves You
51XT8GfAR9L._SX300_.jpg,test,Spicy Mix,Haul Ass
51Xy40ietSL._SY300_.jpg,test,Ebb,90's Megamix
51YGMe8mR4L._SX300_.jpg,test,Outer Space,Dope Radio
51YTGJS6KRL._SY300_.jpg,test,Tuscany,I Am a Photograph (1977) / Sweet Revenge (1978)
51zk97siLJL._SX300_.jpg,test,Tango,Style Ibiza Lounge
612LYY9U51L._SX300_.jpg,test,Kelp,undefined
618VvLf-JgL._SY300_.jpg,test,Log Cabin,Wowie Zowie
61bqzTZJpuL._SX300_.jpg,test,Di Serria,undefined
61D2V2ZHHVL._SY300_.jpg,test,Half Baked,Caribe 2004
61F8NK4SB2L._SY300_.jpg,test,Bunker,Clubber's Guide 2006
61K085V9RWL._SX300_.jpg,test,Milano Red,Red Alert
61MFZ0S8P2L._SY300_.jpg,test,Brandy Rose,You Won't Forget About Me Pt.2
61Ox2erIlhL._SY300_.jpg,test,Oil,undefined
61pHHa2T5KL._SY300_.jpg,test,Brandy Punch,undefined
61S3GupatvL._SX300_.jpg,test,Heavy Metal,undefined
61U2TO+XJ+L._SY300_.jpg,test,Mongoose,undefined
61WMX7KCJ2L._SY300_.jpg,test,Ebony Clay,It's Time
11hFbG5ln+L._SL500_.jpg,val,Red Violet,undefined
21FEBM2W01L.jpg,val,Gray Nickel,Girl (+ Bonus Tracks)
21o41+VNgFL._SL500_.jpg,val,Tacha,undefined
310TJB6TA9L.jpg,val,Tan Hide,"Chill Out Mix, Vol. 2"
312P82P7SSL.jpg,val,Deep Koamaru,Future Trance: Ibiza
317HBV4E98L._SY300_.jpg,val,Chambray,Expansion
318XJF59N0L.jpg,val,Iceberg,Chillout Voices
319SYP3RJBL.jpg,val,Spicy Mix,Kiss Smooth Grooves 2000
31NB8HBXTRL.jpg,val,Tabasco,Robodisco
31NGNczpiLL._SY300_.jpg,val,Iron,undefined
410E-HOpjkL._SX300_.jpg,val,Baltic Sea,The Disintegration Loops III
412M5BNC6RL.jpg,val,Bon Jour,Choose 80's Dance
414AZPDV3JL.jpg,val,Wafer,Biomechanik
414+xUy95aL._SX300_.jpg,val,Geyser,undefined
415F75+GXtL._SX300_.jpg,val,Bird Flower,undefined
416X7AkM1WL._SY300_.jpg,val,Porcelain,undefined
417TAAWQJKL._SY300_.jpg,val,Eerie Black,San Salvador
419iXsJwH0L._SY300_.jpg,val,Pampas,Technoir
41a84siO6iL._SL500_SX300_.jpg,val,Waikawa Gray,Es Vive Ibiza 2003
41ayqjesQGL._SY300_.jpg,val,Hampton,undefined
41CJRPFD99L.jpg,val,Green Kelp,In the House
41Fg7ZEzSoL._SX300_.jpg,val,Cocoa Brown,The Disintegration Loops
41F-qPdcSQL._SX300_.jpg,val,Shark,Unleash
41huxkiTdSL._SX300_.jpg,val,Mineral Green,undefined
41K3Z6K8MZL._SY300_.jpg,val,Punga,Going Out
41KXGCHG1VL.jpg,val,Victoria,Distance To Trance Vol. 1
41M0RMVPnSL._SY300_.jpg,val,Thunder,Full Sunken Breaks
41PBEFX1E3L.jpg,val,Vanilla,"Coffeeshop, Vol. 2"
41PWR2FYEEL.jpg,val,Silver Sand,Heartbeat (Sunday Sessions in Reykjavic)
41qOeGaV5cL._SY300_.jpg,val,Soft Amber,3 &amp; The Remixes
41rZLBsOeBL._SY300_.jpg,val,Misty Moss,"Kontor: Top of the Clubs, Vol. 14"
41T7870P5FL.jpg,val,Tall Poppy,This Is How I Feel
41TVYQ18FML.jpg,val,Shadow Blue,Ferry Corsten: World Tour Tokyo
41Y02EXD73L.jpg,val,Spicy Mix,Can't Get Enough
511M2K3R6PL.jpg,val,Crown of Thorns,Freestyle Beatz
51200Q9F4WL._SX300_.jpg,val,Iron,undefined
512eiQ00X4L._SL500_SX300_.jpg,val,Leather Jacket,Released Track
513NF9MQCBL.jpg,val,Brown,Moment of Truth
514i2xqE-VL._SY300_.jpg,val,Log Cabin,The Best 1991-2001
514QX1QFYSL._SY300_.jpg,val,Thunderbird,Tell Me Why
518x6ZZfiHL._SY300_.jpg,val,Ochre,Heaven Above
519Pzi2sfeL._SX300_.jpg,val,Iron,There Is Enough for Everyone
519Wvx87ymL._SX300_.jpg,val,Shimmering Blush,undefined
51AZM2YKREL._SX300_.jpg,val,Fuscous Gray,Major Tom '94 (Techno Trance Mix: English Version)
51bipA52DTL._SY300_.jpg,val,Ebony,undefined
51bSmqKhqTL._SX300_.jpg,val,Rose Quartz,Big Girls Don't Cry
51cxWpSMw1L._SX300_.jpg,val,Emperor,undefined
51FwwD8JGlL._SX300_.jpg,val,Bright Sun,undefined
51-GvSPb8VL._SX300_.jpg,val,Mulled Wine,undefined
51h2Pa6nPyL._SY300_.jpg,val,Moon Mist,Every Room on Every Floor
51HH9XWVTDL._SY300_.jpg,val,Mystic,Are You the One?
51i1BdoIV2L._SY300_.jpg,val,Licorice,Machine Says Yes
51iCzwKBasL._SY300_.jpg,val,Spicy Pink,undefined
51KE7zPteYL._SX300_.jpg,val,Moon Mist,undefined
51kJaY68sjL._SX300_.jpg,val,Chatelle,undefined
51M2HXXV1JL._SY300_.jpg,val,Heavy Metal,What a Feeling
51mECd6ajjL._SY300_.jpg,val,Black Marlin,undefined
51N4CAK8Q6L._SY300_.jpg,val,Chambray,New Horizon
51O6DO+RypL._SX300_.jpg,val,Black Coral Pearl,undefined
51opi5jFq4L._SY300_.jpg,val,Akaroa,Epsilon Minus
51PnuiW94xL._SX300_.jpg,val,Orange Red,The Sound of Miss Moneypenny's
51pyTuCNfvL._SX300_.jpg,val,Silver,undefined
51PZ+n0PvML._SX300_.jpg,val,Blue Haze,undefined
"51QOpa-uOoL._SY300__PJautoripBadge,BottomRight,4,-40_OU11__.jpg",val,Charade,undefined
51QtYt9FvTL._SX300_.jpg,val,Eerie Black,undefined
51Rmc+caE9L._SY300_.jpg,val,Brown,undefined
51S4fpX2+mL._SX300_.jpg,val,Thunder,undefined
51tOne7c7sL._SX300_.jpg,val,Himalaya,undefined
51vcPOkDiBL._SX300_.jpg,val,Tuscany,undefined
51xdmFqiqwL._SX300_.jpg,val,Heavy Metal,Dataplex
51XUbCxIuFL._SL500_SY300_.jpg,val,Eerie Black,Muzik Homelands 2002 Preview
51zM2TzG8HL._SX300_.jpg,val,Lavender Gray,1999
51zo1d2K5tL._SY300_.jpg,val,Juniper,Kontor Sunset Chill
51Zse13hjNL._SX300_.jpg,val,Taupe,Storm Of Impermanence
611PxuA4q1L._SX300_.jpg,val,Zeus,undefined
61-AyXDZgGL._SX300_.jpg,val,Clam Shell,undefined
61eZbWbeM-L._SX300_.jpg,val,Blossom,undefined
61ucYA9R8mL._SY300_.jpg,val,Ghost,undefined
